"program","original_rva","name","frozen","freeze_date","confidence","effort","evidence_path","evidence_sha256","source_path","source_sha256","meaningful_variant_count","residual_kind","hard_diff_count","compared_bytes","baseline_original_sha256","baseline_candidate_sha256","baseline_candidate_object","baseline_candidate_object_sha256","baseline_candidate_function_sha256","diagnostic_note","reason","revisit_condition"
"Oregon32.exe","0x000253a0","OtInitWillametteValleySummaryDialog_000253a0","true","2026-07-18","0.05","8","docs/recovery/55pct_frozen_wip_revalidation_2026_07_18.md","8d9661228deb19e86a8c9930d150e93122f91b7163d0fcc5ca8eee0b57b47202","src/otwin/trail/init_willamette_valley_summary_dialog.cpp","829896f39405e3ea1865c2660f172da4304306009392d79730bb83a0495ae2d0","15","strict-linked","617","3763","c81585430a7918f64e4f1af13177c4b533a42179b508c43bb2ab5bcced24c35f","1e7a628d881d4aa42a36f82431df757e5f32f82f11a67b3554cf780ac66cff47","src_otwin_trail_init_willamette_valley_summary_dialog.obj","d4f20bbc507ed789c7d4519533f36e9a33b1910bdc96e7849ad0c60a9be023c2","1662afcafdd62462683c83a4bac165e3927ae9d9e6c7baa656b3cf1e90a35df9","Revalidated at 55pct-v14 after canonical-global and ABI cleanup: current strict-linked residual is 617/3763; the documented plateau and revisit condition remain in force.","Short and int lifetime, assignment-in-argument, and inline ABI-return variants cannot reproduce the original CX accumulator to EAX promotion without regressing the otherwise aligned body.","Reopen only with original type/source/PDB evidence or controlled VC4 allocator proof that naturally selects the CX-to-EAX food-display schedule; do not repeat the documented lifetime and helper shapes."
"Oregon32.exe","0x00024f50","OtWillametteValleySummaryDialogProc_00024f50","true","2026-07-18","0.03","9","docs/recovery/55pct_frozen_wip_revalidation_2026_07_18.md","8d9661228deb19e86a8c9930d150e93122f91b7163d0fcc5ca8eee0b57b47202","src/otwin/trail/willamette_valley_summary_dialog_runtime.cpp","f528685fbe8bcf9e21b040b4f710b729a15ab9a1b1fba3c64824f593783e8c0a","18","strict-linked","567","1089","c81585430a7918f64e4f1af13177c4b533a42179b508c43bb2ab5bcced24c35f","1e7a628d881d4aa42a36f82431df757e5f32f82f11a67b3554cf780ac66cff47","src_otwin_trail_willamette_valley_summary_dialog_runtime.obj","3e47268e9863e390f120177ff826890523e36769b38219edd77082117deb061e","80f111e3357446f1d5efe55f1546d3e68c3ba456c9ac8ae4426d234c7b6e4abc","Revalidated at 55pct-v14 after canonical-global and ABI cleanup: current strict-linked residual is 567/1089; the documented plateau and revisit condition remain in force.","Import, shared-return, DRAWITEM, signed-ID, lifetime, separator, and register-priority variants reached the same stable allocator plateau or worsened body size and layout.","Reopen only with original declaration/type/PDB evidence or controlled VC4 proof that demonstrably swaps the ESI/EDI parameter roles; do not repeat the documented register and DRAWITEM spellings."
"Oregon32.exe","0x00007fa0","OtValidateAndCommitGeneralStorePurchase_00007fa0","true","2026-07-18","0.05","8","docs/recovery/trade/validate_and_commit_general_store_purchase_2026_07_18_notes.md","cd2539f5afbbbb7fca1cab2f4e4fc730fef6fff1e809d05b07ee1047d1c28fd8","src/otwin/trade/validate_and_commit_general_store_purchase.cpp","538c174a5b67c21119db96a7680a09ee42d1a4e8b5674e73797a1d33088d14c8","28","strict-linked","528","3316","c81585430a7918f64e4f1af13177c4b533a42179b508c43bb2ab5bcced24c35f","d4e2539d6ad6de807c852166b5a17627af6882884b2a140ea78a543d883f8be4","src_otwin_trade_validate_and_commit_general_store_purchase.obj","40c8f5d84c306c64ab7577801431e31c1c4f2cda104edf342aa5faff336b3213","6b3a11c197aeb6b9e7c50fb40a32b5a0e3514aa6a885a2acecd28550db2a1df0","The maskless Product body has 528/3316 strict-linked hard differences after 28 meaningful clean variants; only localized food-total and cash-comparison instruction islands remain structurally divergent.","Accumulator, signed-short lifetime, evaluation-order, predicate, and explicit CFG variants cannot reproduce both the CX-to-EDI food schedule and cmp EDI,EAX/jle cash gate without worsening surrounding code.","Reopen only with authentic subtotal-type/abstraction, cash-owner/ABI, original source/PDB, or minimized controlled VC4 evidence predicting both schedules; do not repeat the exhausted lifetime and CFG spellings."
"Oregon32.exe","0x000229e0","OtRiverCrossingChoiceDialogProc_000229e0","true","2026-07-18","0.03","10","docs/recovery/55pct_frozen_wip_revalidation_2026_07_18.md","8d9661228deb19e86a8c9930d150e93122f91b7163d0fcc5ca8eee0b57b47202","src/otwin/river/river_crossing_choice_dialog_runtime.cpp","e15d402d18487a804952062b14612d553f0e5411228a53662db2d2f1cac1fdbe","18","strict-linked","2814","3658","c81585430a7918f64e4f1af13177c4b533a42179b508c43bb2ab5bcced24c35f","1e7a628d881d4aa42a36f82431df757e5f32f82f11a67b3554cf780ac66cff47","src_otwin_river_river_crossing_choice_dialog_runtime.obj","839d000f1327f5428831339c405929cbb681e50477b039fa7151dd3d989d51c8","93e7c84203e2d39430b96bda3b76733791b6c8f4a687afa647bbbb5de43feb1d","Revalidated at 55pct-v14 after canonical-global and ABI cleanup: current strict-linked residual is 2814/3658; the documented plateau and revisit condition remain in force.","Typed global, route, cursor, acknowledgement, and arithmetic-lifetime variants plateaued, and reproducing the original unread 20-byte clear would require prohibited dead padding without authentic type evidence.","Reopen only when source/PDB, sibling-callback, cross-reference, or controlled VC4 evidence gives the zero-only region a real type or observable use; do not repeat the exhausted lifetime combinations."
"Oregon32.exe","0x000096b0","OtStoreExDialogProc_000096b0","true","2026-07-18","0.05","8","docs/recovery/55pct_frozen_wip_revalidation_2026_07_18.md","8d9661228deb19e86a8c9930d150e93122f91b7163d0fcc5ca8eee0b57b47202","src/otwin/trade/store_extension_dialog_runtime.cpp","7713a7a72e606de561d23fb5b526dce5bbb04e6dd4b98a8d9cdbc325860b98d8","15","strict-linked","453","1942","c81585430a7918f64e4f1af13177c4b533a42179b508c43bb2ab5bcced24c35f","1e7a628d881d4aa42a36f82431df757e5f32f82f11a67b3554cf780ac66cff47","src_otwin_trade_store_extension_dialog_runtime.obj","09de0bbaa22f888f446bcb6f73e16c3c28d558ae0d43d96e55ac3377be6eab36","1bc1c5e1423de481b3c25154d30388bb96d6a4dc836222cd001f0b2af418254a","Revalidated at 55pct-v14 after canonical-global and ABI cleanup: current strict-linked residual is 453/1942; the documented plateau and revisit condition remain in force.","Fifteen meaningful topology, declaration, parameter, alias, rectangle-wrapper, and lifetime variants leave the same two-byte graph-global VC4 register-coloring plateau.","Reopen only with original type/source/PDB evidence or controlled VC4 proof that naturally selects ECX for GetWindowRect without perturbing the aligned callback; never mask the pair or repeat the documented alias probes."
"Oregon32.exe","0x00006f70","OtUpdateTrailViewportRouteStripState","true","2026-07-17","0.05","8","docs/recovery/trail/update_trail_viewport_route_strip_state_2026_07_16_notes.md","cede361e0577e37c9d93ce5c6287583dceba3b17b96a629ac0b23ee208942918","src/otwin/trail/trail_viewport_route_strip.cpp","9b0a9d0706df4d37be9d78175249f6779259c064f10437dcc07d16c94bf0605c","12","strict-linked","13","131","c81585430a7918f64e4f1af13177c4b533a42179b508c43bb2ab5bcced24c35f","1b627c36c75942dbd447b32fcce2c2128c2f436ec67eb1bcd62267428c0b7a4d","src_otwin_trail_trail_viewport_route_strip.obj","3ac25778ae593fa3b20c413c8d0b61b479b4d7e085df80b327bdb9acb1181545","5d112dabc36337ab999158859c1a36786f73ba89e183f73088f5e721aaa87c49","The canonical direct-loader body has 16/135 raw differences; its one reviewed rel32 mask leaves 13/131 hard differences across two scheduling islands. The one-byte v4 raw change is linked relocation coincidence.","The synthetic wrapper and misnamed bitmap field were corrected, but clean source-order and lifetime probes cannot reproduce VC4's original foreground-subtraction and journey-load schedules.","Revisit only with authentic global-storage, owner-layout, or higher-level expression evidence that naturally changes both schedules; never reintroduce the wrapper or use volatility."
"Oregon32.exe","0x000070a0","OtAnimateTrailViewportFillPalette_000070a0","true","2026-07-16","0.10","8","docs/recovery/trail/animate_trail_viewport_fill_palette_2026_07_16_notes.md","a7323d56838b1251c0a877b3db2f948deb1fa8367db5b35fce4879856faf7613","src/otwin/trail/trail_viewport_palette_runtime.cpp","3581cb9821757b1f899db84c1327e27f851d0f0b93b20f4d93ae18ff33e8ba52","23","strict-linked","22","609","c81585430a7918f64e4f1af13177c4b533a42179b508c43bb2ab5bcced24c35f","1b627c36c75942dbd447b32fcce2c2128c2f436ec67eb1bcd62267428c0b7a4d","src_otwin_trail_trail_viewport_palette_runtime.obj","8eb57f18bbc201ba1df7002309c2373247fa124125f31f81a4d5f2677ce98d00","3964ffa4bd716b226b3d04d3e1f4c7ac69b2ecc44df675faeeef527ccc04d60d","The dossier's 14/601 diagnostic assumes two additional genuine operand masks that are not in the current manifest; the bound strict result is 22/609.","The remaining frame-3 blue comparison is a stable VC4 operand-order and scheduling plateau after more than twenty meaningful clean source-shape and optimization probes.","Revisit only with evidence for a higher-level palette control or type shape that retains blue as the left comparison operand without changing the surrounding block layout."
"Oregon32.exe","0x00015380","OtSetupInitHuntDialog_00015380","true","2026-07-16","0.05","9","docs/recovery/55pct_frozen_wip_revalidation_2026_07_18.md","8d9661228deb19e86a8c9930d150e93122f91b7163d0fcc5ca8eee0b57b47202","src/otwin/hunt/setup_init_hunt_dialog.cpp","517dc9da0eb0a75b9643bd0064cfaf3e859b6280714cbdbbc3beacf44eda37c5","20","strict-linked","21","400","c81585430a7918f64e4f1af13177c4b533a42179b508c43bb2ab5bcced24c35f","1e7a628d881d4aa42a36f82431df757e5f32f82f11a67b3554cf780ac66cff47","src_otwin_hunt_setup_init_hunt_dialog.obj","c101ca97673e4f75c6680ca4fe7fd8eaab36919d6fb40baa6ac5fef459d29647","a62a69487de920e5a4c4d0db29fcb0ffc39d2ab8e8bc3989b77af51138f9ebac","Revalidated at 55pct-v14 after canonical-global and ABI cleanup: current strict-linked residual is 21/400; the documented plateau and revisit condition remain in force.","An authentic destructible positioned-bitmap member deterministically swaps the two long-lived ESI and EDI roles; declaration-order and ownership probes did not close it.","Revisit only when recovery establishes a different authentic Hunt-state ownership declaration or class layout that changes VC4 allocation lowering."
"Oregon32.exe","0x0001a660","OtApplyLossEventAdjustmentList_0001a660","true","2026-07-16","0.10","8","docs/recovery/trail/apply_loss_event_adjustment_list_2026_07_16_notes.md","f81ddbd49f0e49180a062954869522a047da5f98eddb14ccee9868a199d5057f","src/otwin/trail/apply_loss_event_adjustment_list.cpp","c7d170529e0b90f8c1bbc212d83f9e1695f843ac32a59dbf0a9bcd969b6b8bf6","720","strict-linked","140","680","c81585430a7918f64e4f1af13177c4b533a42179b508c43bb2ab5bcced24c35f","1b627c36c75942dbd447b32fcce2c2128c2f436ec67eb1bcd62267428c0b7a4d","src_otwin_trail_apply_loss_event_adjustment_list.obj","8658034434a0057ffd474fe715e62548bcbf944325a2c90368dff31c45c5da2f","b1cd90d9e6e3cfa9f2f873f11806258c51714980572cdbc778b3cf22f6e6316a","The best isolated permutation was 137/680; the authoritative retained linked result is 140/680.","The typed Product method has exact size and instruction count, but all 720 declaration orders could not simultaneously close the shortage blocks and both party loops.","Revisit only with new field-type, aggregate-layout, or caller-ABI evidence that changes the authentic register lifetime graph."
"Oregon32.exe","0x0001ac80","OtFormatGameMessageText_0001ac80","true","2026-07-16","0.08","8","docs/recovery/trail/format_game_message_text_2026_07_16_notes.md","759f79b306cf19cfae2b0e6b7fed3578b40249fc9cb882b786d22451616877c8","src/otwin/trail/format_game_message_text.cpp","f2fe73aff9e556fb86dc2759bdc7cb8090aad0059933581374435703742ebc96","17","strict-linked","63","609","c81585430a7918f64e4f1af13177c4b533a42179b508c43bb2ab5bcced24c35f","1b627c36c75942dbd447b32fcce2c2128c2f436ec67eb1bcd62267428c0b7a4d","src_otwin_trail_format_game_message_text.obj","057fb61f30ced06cd61b582620c96a6002e4f33bc1bdac98766847c7b1b5d653","4c86deb97257473d5d8d72c506d5c4de18dacfcba1c9611f5d7261d435cae3ee","669-byte exact-size function with 60 validated mask bytes and one 63-byte strict switch-tail residual.","The clean exact-size implementation is blocked by one stable sixty-three-byte switch-tail merge choice after the meaningful case and slot representations were exhausted.","Revisit only with new evidence for the original vararg-slot type, case factoring, or compile context that selects the original @H/@O/@n tail pairing."
"Oregon32.exe","0x0001c980","OtTrailDivideDialogProc_0001c980","true","2026-07-17","0.03","10","docs/recovery/55pct_frozen_wip_revalidation_2026_07_18.md","8d9661228deb19e86a8c9930d150e93122f91b7163d0fcc5ca8eee0b57b47202","src/otwin/trail/trail_divide_dialog_runtime.cpp","0efa926f28101807edfde5b46e2812a998041d2af6f5fdd994d2806d92853127","22","strict-linked","366","1714","c81585430a7918f64e4f1af13177c4b533a42179b508c43bb2ab5bcced24c35f","1e7a628d881d4aa42a36f82431df757e5f32f82f11a67b3554cf780ac66cff47","src_otwin_trail_trail_divide_dialog_runtime.obj","3c47efd4a9adc7b8e56e9d107c51d7e35eda4f068fd5130c751f4dcdd01160ab","05c146c3692f3fbe89efa0448a9945382998c0c48f06e9354ec2aa586743be50","Revalidated at 55pct-v14 after canonical-global and ABI cleanup: current strict-linked residual is 366/1714; the documented plateau and revisit condition remain in force.","After relocation normalization, the clean 1714-byte instruction schedule retains exactly three non-maskable ModR/M register-selection bytes after broad semantic type and control-shape sweeps.","Revisit only with new callback-parameter, message-payload, or owner-state type evidence that changes the whole-function VC4 allocator without artificial shaping."
"Oregon32.exe","0x0002d5d0","OtRefreshTrailStatusPanel_0002d5d0","true","2026-07-17","0.03","10","docs/recovery/55pct_frozen_wip_revalidation_2026_07_18.md","8d9661228deb19e86a8c9930d150e93122f91b7163d0fcc5ca8eee0b57b47202","src/otwin/trail/refresh_trail_status_panel.cpp","e572d27a173c2a9c8fcb3a09e1bcccf24110ca8c1e9ca153796c02c4015cc8af","12","strict-linked","382","1604","c81585430a7918f64e4f1af13177c4b533a42179b508c43bb2ab5bcced24c35f","1e7a628d881d4aa42a36f82431df757e5f32f82f11a67b3554cf780ac66cff47","src_otwin_trail_refresh_trail_status_panel.obj","60f4993724201e1f9e4f34593884f4cb4133f61c5b0114ba62a9c2af44beed31","0b5e590e91f7b8c74ea0dc60463c918b02ce9cda9c1b855941108961fb979517","Revalidated at 55pct-v14 after canonical-global and ABI cleanup: current strict-linked residual is 382/1604; the documented plateau and revisit condition remain in force.","The original tail contains a 13-byte four-instruction clear of an exhausted 40-byte local buffer with no subsequent read or observable semantic purpose. Retaining it would require prohibited dead work. Clean direct forms preserve the original EBX owner and EBP GetDlgItem allocation but miss the AX/AL motion-tail lowering; clean inline and member-helper forms recover that tail lowering but globally swap those callee-saved roles.","Revisit only with authentic source, type, or abstraction evidence that makes the final buffer clear semantically required or observable and independently explains the owner/GetDlgItem lifetime and allocation. Do not reopen for formatting, declaration-order, register-hint, helper, ternary, compiler-flag, or mask-only permutations."
"Oregon32.exe","0x00007000","OtAdvanceTrailViewportStripScroll","true","2026-07-17","0.03","9","docs/recovery/trail/trail_viewport_strip_scroll_2026_07_17_notes.md","3a9de1c5e5892e6a254f59b6cdfc4e28d89540eadac42a1602fe34446ef63b3c","src/otwin/trail/trail_viewport_strip_scroll.cpp","dea0f287aac14275bd7f5fb38caa7c2abab2f3e646835b686283b2b8c8b999d8","104","strict-linked","62","157","c81585430a7918f64e4f1af13177c4b533a42179b508c43bb2ab5bcced24c35f","1b627c36c75942dbd447b32fcce2c2128c2f436ec67eb1bcd62267428c0b7a4d","src_otwin_trail_trail_viewport_strip_scroll.obj","b321068e1dd0edd7689a421fe039ed733de0fbb5ec8558e5bb49007dbc8df24f","1f12c1e39cb641bee39381f5925b65cdefc7fd40fe9be2b59e4e688e0757f5d6","The retained Product row is 62/157 strict; an isolated Wip132 reconstruction is 64/157 raw and 61/153 after one complete DIR32 operand and padding are excluded.","More than one hundred clean source-shape variants culminated in four stable isolated matrix cells with identical code; the historical 41/157 result depended on a multi-probe TU.","Revisit only with new field-layout or alias evidence that naturally changes the width/store/multiply/origin schedule and final memory-reload clamp."
"Oregon32.exe","0x000105a0","OtBlitRawIndexedBitmap","true","2026-07-17","0.03","9","docs/recovery/graphics/blit_raw_indexed_bitmap_2026_07_16_honest_cpp_audit_notes.md","25ea80b28209dfcbe7e287ff54fa4c93e485546ccaf1fb93a431b7d3fa8a7521","src/otwin/graphics/load_raw_indexed_bitmap.cpp","f1ae1ee019ae830816977a8ebe5e67851453fa424b7ab15990c3000ae01c7367","16","strict-linked","36","183","c81585430a7918f64e4f1af13177c4b533a42179b508c43bb2ab5bcced24c35f","1b627c36c75942dbd447b32fcce2c2128c2f436ec67eb1bcd62267428c0b7a4d","src_otwin_graphics_load_raw_indexed_bitmap.obj","6437887d0b6f241c9c966686cf09e95c2d2a6a091293514acbde436b2fe41c7a","b61c9f18c63d59df3714d70a71d9aabc7c3d808533f9bc9cb2082db072d7ca34","The canonical Product body has 40/187 raw differences; one complete final-IAT mask leaves 36/183 strict hard differences.","Plain and const snapshots, coordinate aggregates, inline wrappers, expression orders, and documented optimization modes all retain the final StretchDIBits scheduling plateau.","Revisit only with new evidence for an authentic coordinate abstraction that preloads x and y without artificial address round trips or changing the matching prefix."
"Oregon32.exe","0x000106e0","OtBlitSpriteBuffer_000106e0","true","2026-07-17","0.03","9","docs/recovery/graphics/blit_sprite_buffer_2026_07_17_notes.md","f305d9df89d6f54f3d1bc5fe1175a009cbb7f6a4d946cf62cc5f3160f5c3334b","src/otwin/graphics/sprite_blitter_runtime.cpp","f66ef9dcc1a29e7308c92c3ecd8a3127bb9d57b59b935ba6986800eab98753c2","18","strict-linked","39","199","c81585430a7918f64e4f1af13177c4b533a42179b508c43bb2ab5bcced24c35f","1b627c36c75942dbd447b32fcce2c2128c2f436ec67eb1bcd62267428c0b7a4d","src_otwin_graphics_sprite_blitter_runtime.obj","cd56fa66a98b1462f9297ca4a5037edc77818b4deea01ceef630309c4db5574c","329f80180eedf7aff187b4ede8d88a0f0f28146f0aff82ed267ece1087992cb6","The isolated Product body remains 39/199 strict after the authentic owner-TU consolidation probe; the final IAT operand is shifted and remains unmasked.","Eighteen clean variants, including the live cleanup's original owner-TU position, do not reproduce the historical multi-variant-TU call schedule honestly.","Revisit only with new evidence for an authentic coordinate or API-level type that changes the argument lifetime graph; do not retry function-order context."
"Oregon32.exe","0x000122b0","OtCreateInitHuntDialogState_000122b0","true","2026-07-17","0.03","9","docs/recovery/hunt/create_init_hunt_dialog_state_2026_07_17_notes.md","80b0d413c40225ba55c77000239fe30294b3515955d6246f2fa9ac89157185a6","src/otwin/hunt/create_init_hunt_dialog_state.cpp","67920ae0821929c39ce36beaca36f29226a8e491677855ee945dae377cde1f8e","38","strict-linked","526","1064","c81585430a7918f64e4f1af13177c4b533a42179b508c43bb2ab5bcced24c35f","1b627c36c75942dbd447b32fcce2c2128c2f436ec67eb1bcd62267428c0b7a4d","src_otwin_hunt_create_init_hunt_dialog_state.obj","846c090989ed0446ee725ce2220ed7dfcbb563c1399105be261d61411a4a76d8","39e7be836fda82c0a61fd08573ee0445c9142fc3a3b9491ade49f2924b2930b1","The no-mask linked result is 526/1064; four constructor REL32 bytes that matched incidentally in v3 no longer do, while object disassembly still isolates the same one-instruction, one-byte table-initialization deficit after an aligned prefix.","Thirty-eight policy-clean ownership, pointer, initialization, calling-convention, import, and optimization variants do not make VC4 retain both ECX and EDI selected-array bases.","Revisit only with new evidence for an authentic selected-target aggregate, initializer abstraction, or caller-visible alias that requires the missing mov edi,ecx."
"Oregon32.exe","0x00019200","OtDispatchTrailScenePhaseCallbacks","true","2026-07-17","0.03","9","docs/recovery/trail/trail_scene_phase_dispatch_2026_07_16_notes.md","f81f16cb20e528c1d4482eefaa60f64064a919497804b1ee44446ec4e6e97070","src/otwin/trail/trail_scene_phase_dispatch.cpp","4dea986e3c3707726ce09c8ab679d51155dcf8295382ce9de646b6da7a600e48","220","strict-linked","12","103","c81585430a7918f64e4f1af13177c4b533a42179b508c43bb2ab5bcced24c35f","1b627c36c75942dbd447b32fcce2c2128c2f436ec67eb1bcd62267428c0b7a4d","src_otwin_trail_trail_scene_phase_dispatch.obj","fe91f7689f043c42c61138635482c154637abe3804ab6da9d3efd7ede0cec96d","0993590b6535cf99c0cac216a012647ed8478bd688cdbc2530d785fe9ccd1e57","The policy-clean body has 28/119 raw differences; four valid address masks leave 12/103 strict hard differences at offsets 0x4f-0x5a.","More than 220 meaningful clean source-shape combinations retain the dispatch-flag store versus mov edi,1 scheduling plateau; the moved store operand is deliberately unmasked.","Revisit only with new evidence for an authentic dependency, storage type, or sequencing constraint that naturally changes the VC4 schedule."
"Oregon32.exe","0x000129d0","OtSpawnRandomHuntTarget_000129d0","false","2026-07-17","0.03","9","docs/recovery/hunt/spawn_random_hunt_target_2026_07_17_notes.md","05e24934769c13b05b1973f396c6354758fbf00c9c43a0143e1d7bd7d34a351b","src/otwin/hunt/spawn_random_hunt_target.cpp","9bec073fe39d0229e3010f80e328cd90c54ae07906be12ea388c13f40e0998a2","5","strict-linked","898","1019","c81585430a7918f64e4f1af13177c4b533a42179b508c43bb2ab5bcced24c35f","cd618227a7b757051455063969a47937262c8a8b375fe2d8389b4d33aa0f940c","","","fdd7cc49fe7e209e879250476fad9236d06f225d8800740e9cdd696b40dc3fcf","The retained maskless Product body has 898/1019 hard differences after authentic slot-cell and member-call recovery; five unique clean variants are evidenced.","The initializer schedule and tail integer-width lifetime graph remain broad, but the lane is below the eight-variant threshold required for a true freeze.","Revisit with authentic dword-height, AX/BP, DX-carried-height, post-join-store, or owner/prologue evidence; three more meaningful clean variants are required before freezing."
"Oregon32.exe","0x00021020","OtTalkDialogProc_00021020","true","2026-07-17","0.03","9","docs/recovery/55pct_frozen_wip_revalidation_2026_07_18.md","8d9661228deb19e86a8c9930d150e93122f91b7163d0fcc5ca8eee0b57b47202","src/otwin/trail/talk_dialog_runtime.cpp","85a3e9ab9dfe90959873f0e224794965ad08259b8711b260d32d7b75ccc75c5b","20","strict-linked","1439","2620","c81585430a7918f64e4f1af13177c4b533a42179b508c43bb2ab5bcced24c35f","1e7a628d881d4aa42a36f82431df757e5f32f82f11a67b3554cf780ac66cff47","src_otwin_trail_talk_dialog_runtime.obj","6dd81b38252aebeb0c28cf677f6b13566fca944d8af41f9b8ed60f08498c1581","b38a37e688b1f8c3004259d94f128e798893a978fc4cf4b447607739de2d199f","Revalidated at 55pct-v14 after canonical-global and ABI cleanup: current strict-linked residual is 1439/2620; the documented plateau and revisit condition remain in force.","Legal VC4 source-shape work plateaued after the last structural win. The remaining 0x430-versus-0x27c frame, three external memset sites, and sixteen destructor-wrapper relocations require new ownership or shared-frame evidence.","Reopen only when a sibling /GX dialog proves the original 0x27c shared-buffer frame without disturbing aligned branches, or Product ownership is consolidated so callback cleanup relocations target the accepted positioned-bitmap destructor directly."
"Oregon32.exe","0x00023880","OtRiverCrossingHelpDialogProc_00023880","true","2026-07-17","0.03","9","docs/recovery/55pct_frozen_wip_revalidation_2026_07_18.md","8d9661228deb19e86a8c9930d150e93122f91b7163d0fcc5ca8eee0b57b47202","src/otwin/river/river_crossing_help_dialog_runtime.cpp","c04893cab5e31ceefaf8fc289fca5c06b541e192d73b99f01704e124135d4adf","8","strict-linked","898","1304","c81585430a7918f64e4f1af13177c4b533a42179b508c43bb2ab5bcced24c35f","1e7a628d881d4aa42a36f82431df757e5f32f82f11a67b3554cf780ac66cff47","src_otwin_river_river_crossing_help_dialog_runtime.obj","a79a6fda5923db4a8ec34208155ae9f047faf232735f8fcaea6aa80633cd87dc","70f18c888cdc9837b4978b609eb84858b9056c4f2183008448d46002014ec6fe","Revalidated at 55pct-v14 after canonical-global and ABI cleanup: current strict-linked residual is 898/1304; the documented plateau and revisit condition remain in force.","Eight meaningful variants establish a source-shape plateau, and the callback still depends on a disconnected zero-only application-instance global rather than the canonical module owner.","Reopen only after canonical application-module consolidation plus authentic lifetime, type, or EH-owner evidence that changes the cross-arm DC/wParam or draw-item/state register roles."
"Oregon32.exe","0x0000ad80","FUN_0040ad80_0000ad80","true","2026-07-17","0.03","9","docs/recovery/55pct_frozen_wip_revalidation_2026_07_18.md","8d9661228deb19e86a8c9930d150e93122f91b7163d0fcc5ca8eee0b57b47202","src/otwin/trail/guide_book_dialog_runtime.cpp","8763d791efb8ebcaf4b699e590d13f3854c2ab4f1a6b719d016659db2673a588","9","strict-linked","70","196","c81585430a7918f64e4f1af13177c4b533a42179b508c43bb2ab5bcced24c35f","1e7a628d881d4aa42a36f82431df757e5f32f82f11a67b3554cf780ac66cff47","src_otwin_trail_guide_book_dialog_runtime.obj","9e2981ae19c6ab67d3844bf35e5c809c3ebcc5684128216a57c5590ca4ac8c1e","a91585c0b0e502dab4feda8ce8fcbd817dadeb7a5f06559d01741b7c96422794","Revalidated at 55pct-v14 after canonical-global and ABI cleanup: current strict-linked residual is 70/196; the documented plateau and revisit condition remain in force.","Declaration, reload, suffix, identifier, base, direct-import, function-pointer, inline-helper, and member-helper forms exhausted the policy-clean source-shape search.","Reopen only for authentic source/debug evidence, changed reviewed VC4 flag/toolchain binding, a minimized policy-clean compiler result predicting one exact schedule, or a material semantic/type change in this helper."
"Oregon32.exe","0x0002a510","OtSwapVisiblePaceButton","true","2026-07-17","0.03","8","docs/recovery/app/button_swap_closure_2026_07_17_notes.md","aaa2316e3b1304d93cc66b8b2e3978fdf12222b2f9333a6debfa400528cd4ed0","src/otwin/app/ui_control_helpers.cpp","1b64bb2d798f0ef1b77e7120fd827de5fea59cb17bef5b06c2790516b8202b8b","8","strict-linked","6","53","c81585430a7918f64e4f1af13177c4b533a42179b508c43bb2ab5bcced24c35f","a70098a3f21f5defeb6ab782b7a353e4ba73150b66e932ad8f9d09809d35e18f","src_otwin_app_ui_control_helpers.obj","1cbe6951df680fed8f98b8fcc1c40ff80a4ea27152f871bf625c866006c4916b","79bd82ab63d2f7590fb83d5d53dcc2d42c04b98aca92a96b7438713bdbff5ea9","The 61-byte and 26-instruction topology is exact; the reviewed import masks leave six hard register bytes from a stable dialog/GetDlgItem EBX/ESI role swap.","Seven declaration and lifetime variants plus the final strict-HWND type trial could not improve the clean direct-import Product body.","Reopen only with recovered source, a canonical shared declaration, or caller ABI evidence that changes the authentic dialog/import lifetime graph; do not repeat register, ordering, strict-handle, or pointer-cache probes."
"Oregon32.exe","0x0002a550","OtSwapVisibleRationButton","true","2026-07-17","0.03","8","docs/recovery/app/button_swap_closure_2026_07_17_notes.md","aaa2316e3b1304d93cc66b8b2e3978fdf12222b2f9333a6debfa400528cd4ed0","src/otwin/app/ui_control_helpers.cpp","1b64bb2d798f0ef1b77e7120fd827de5fea59cb17bef5b06c2790516b8202b8b","8","strict-linked","18","61","c81585430a7918f64e4f1af13177c4b533a42179b508c43bb2ab5bcced24c35f","a70098a3f21f5defeb6ab782b7a353e4ba73150b66e932ad8f9d09809d35e18f","src_otwin_app_ui_control_helpers.obj","1cbe6951df680fed8f98b8fcc1c40ff80a4ea27152f871bf625c866006c4916b","06b5d82fc19df5122c9ef8eba22cca43ed5d9630baab7958d7c03e89d88fe64d","The 61-byte and 26-instruction candidate retains 18 unmasked hard differences; the prior typed-cache operand mask remains diagnostic and ineligible.","Six declaration and lifetime variants plus strict-HWND direct and typed-cache trials did not improve the eligible Product baseline.","Reopen only with recovered source, a canonical shared declaration, or caller ABI evidence that changes the authentic dialog/import lifetime graph; do not repeat register, ordering, strict-handle, pointer-cache, or diagnostic-mask probes."
"Oregon32.exe","0x0002c180","OtRestoreTrailViewAfterRiverCrossing_0002c180","true","2026-07-18","0.05","8","docs/recovery/trail/restore_trail_view_after_river_crossing_2026_06_05_notes.md","38154cb719747424ed0676427a317c9f51c22e970aad58cdae644c041a67a0d6","src/otwin/trail/trail_restore_view_after_river_crossing_runtime.cpp","95e136e16f706ceb4af87034813a8a9a51c92eabb99f7ded61ff4d43eb84ba50","16","strict-linked","86","343","c81585430a7918f64e4f1af13177c4b533a42179b508c43bb2ab5bcced24c35f","1474199ee59a24bdad6c16ee0d17e9c45125eb4e94a152f9ec120d20583422a3","src_otwin_trail_trail_restore_view_after_river_crossing_runtime.obj","aa7c3176f15e9d643d17e29d66e5502d3732f5354b0670770aaaa0e1d108d5d5","49a9d557e763d6ac365d3f34421bdcf6102980554e9e282301af5fef680fb172","The complete 343-byte and 116-instruction Product body has 86 strict-linked differences; 22 audited address operands leave the same 11/255 structural menu-tail register bytes as the clean v10 baseline.","At least sixteen semantic declaration, lifetime, function-pointer, backend, and canonical-call variants preserve the coupled EBX/EDI GetParent/GetMenu allocation; the final trial removed duplicate state and teardown code without changing that residual.","Reopen only with original source/PDB/type evidence or controlled VC4 evidence that naturally reverses the menu-tail EBX/EDI allocation; do not repeat the documented declaration, lifetime, function-pointer, backend, or canonical-call forms."
"Oregon32.exe","0x00014ba0","OtRunHuntRoundLoop_00014ba0","true","2026-07-18","0.05","8","docs/recovery/hunt/run_hunt_round_loop_2026_06_02_notes.md","848103856a5b328dcad492355d5ba99ba5e60e94bbd0ce18b4406f5ab3bf6f4c","src/otwin/hunt/run_hunt_round_loop.cpp","5fbb299f3b7808c9dfb175ba8f5fbdd2f8e777b6ca942a2dd21dfd08defca270","11","strict-linked","81","347","c81585430a7918f64e4f1af13177c4b533a42179b508c43bb2ab5bcced24c35f","1474199ee59a24bdad6c16ee0d17e9c45125eb4e94a152f9ec120d20583422a3","src_otwin_hunt_run_hunt_round_loop.obj","459f4e4cac1baa95e54febebb14ea83d7734e940c5dca136014830b1161bda08","0b3df344dfe3e6385bbf42c16c8741fab665fb04b5ca4debc22add122927c08b","The exact 347-byte and 102-instruction Product body retains 81 strict-linked differences; twelve address-only instructions and one coupled EBX/ESI/EDI register web account for the residual.","Eleven clean owner, tick, dialog, direct-import, and implicit-this variants cannot alter the coupled EBX/ESI/EDI allocation; the historical closer result depends on prohibited synthetic globals and empty recovery methods.","Reopen only with authentic Hunt method ABI/type changes, original source/PDB evidence, or controlled VC4 evidence explaining the original owner-before-IAT schedule; do not repeat declaration, register, address-of, direct-import, or implicit-this spellings."
"Oregon32.exe","0x000285a0","OtCreateRiverCrossingState_000285a0","true","2026-07-18","0.02","10","docs/recovery/55pct_frozen_wip_revalidation_2026_07_18.md","8d9661228deb19e86a8c9930d150e93122f91b7163d0fcc5ca8eee0b57b47202","src/otwin/river/river_crossing_state_runtime.cpp","c08bef07ff23826739aa6b43966f7f6502271c3305b6ca7dca797ce743d90f3f","18","strict-linked","661","1477","c81585430a7918f64e4f1af13177c4b533a42179b508c43bb2ab5bcced24c35f","1e7a628d881d4aa42a36f82431df757e5f32f82f11a67b3554cf780ac66cff47","src_otwin_river_river_crossing_state_runtime.obj","2c2bcc91cc64fee9b15a27973549abb6fffd794f0cc4fbc6bace1267d749e911","51cbf2741b27261f7809251309e4775c7eab3fcdd1f28ce7cd76161efe8ada0e","Revalidated at 55pct-v14 after canonical-global and ABI cleanup: current strict-linked residual is 661/1477; the documented plateau and revisit condition remain in force.","The remaining broad EH/local-allocation islands and temporary-reuse schedule did not close under the documented nested-choice, declaration-order, argument-lifetime, assignment-as-argument, or owner-local forms.","Reopen only with original declaration/type/PDB evidence or controlled VC4 proof for authentic allocation-temporary reuse; do not repeat the documented choice, lifetime, or owner-local variants."
"Oregon32.exe","0x00013d20","OtAdvanceHuntTargets_00013d20","true","2026-07-18","0.01","10","docs/recovery/hunt/advance_hunt_targets_2026_07_16_notes.md","111490a50ca903adaa297ba47950c124620c3dfd6ad680817c5055de89ddd267","src/otwin/hunt/advance_hunt_targets.cpp","25b53660a7c15deaef0ec64d9affbe5fe881f4910d800d0a7f3b6101bab43035","12","strict-linked","638","1554","c81585430a7918f64e4f1af13177c4b533a42179b508c43bb2ab5bcced24c35f","3e19c6dfbd9dc8ebde995357cddee01f8503bbba577c67182a38bdb7ba9709e7","src_otwin_hunt_advance_hunt_targets.obj","a7e0af7a2c1b980c96545095f707b499815d6292f012dc6662752edbf98eb157","bff8fd4afec5c8a49706e7507e9c6fe1018569ca3b82fb6a871c723cd1ea8613","The maskless Product body has 638/1554 strict-linked differences; its 0x605-byte body omits thirteen bytes and five instructions from the original 0x612-byte schedule.","Twelve clean owner, value, redraw, register, accumulator, and lifetime variants plateaued on the state-6/state-4 random-frame and redraw allocation gap.","Reopen only with original declaration/type/PDB evidence or a minimized VC4 result that predicts the missing table-store and DX/ECX schedules; do not repeat aliases, accumulator locals, register hints, or duplicated redraw forms."
"Oregon32.exe","0x0002ad80","OtDrawTrailConditionGauge_0002ad80","true","2026-07-18","0.02","9","docs/recovery/trail/draw_trail_condition_gauge_2026_06_05_reccmp_notes.md","d8963f11b19e3a89a6f96f7a909d9fbe36b85b757095e6a60cbc467f484c2a4b","src/otwin/trail/draw_trail_condition_gauge_runtime.cpp","0be2b80f4ea8539c56f8b433ee23b5695e5798dcee74b1cf125d8336d07e8dba","15","strict-linked","339","500","c81585430a7918f64e4f1af13177c4b533a42179b508c43bb2ab5bcced24c35f","3e19c6dfbd9dc8ebde995357cddee01f8503bbba577c67182a38bdb7ba9709e7","src_otwin_trail_draw_trail_condition_gauge_runtime.obj","cd92d427a3180cbeaeca2dd12d12e4728de6970b48936070e7c143f4c12b5d10","992673bfeb655afabcb3a5150da9c40e43b33e212b6da4e882a9a335183069a2","The canonical Product gauge body is four bytes longer than the original and retains 339/500 maskless hard differences across prologue-wide register ownership and drawing lifetimes.","At least fifteen clean direct-call, pointer-call, register-schedule, saved-object, and marker-expression variants could not jointly recover the original frame, callee-save roles, rectangle stores, and restore tail; the historical ASM suggestion is disallowed.","Reopen only with original type/TU/PDB evidence or controlled VC4 allocator proof that predicts the complete clean schedule; never use ASM, volatile shaping, or repeat the documented register variants."
"Oregon32.exe","0x00027e80","OtUpdateRiverCrossingOverlay","true","2026-07-18","0.01","10","docs/recovery/river/update_river_crossing_overlay_2026_06_05_reccmp_notes.md","5ecd0f26e4438f4f1dde0c5cc4e3fb0a25ab42921e6f8af62fa37ab297cdaff5","src/otwin/river/river_crossing_overlay_update.cpp","d6f132985affa11bce786e39c0174f5eee47f1ac5b43b44a7b7486fc7558867f","141","strict-linked","108","114","c81585430a7918f64e4f1af13177c4b533a42179b508c43bb2ab5bcced24c35f","3e19c6dfbd9dc8ebde995357cddee01f8503bbba577c67182a38bdb7ba9709e7","src_otwin_river_river_crossing_overlay_update.obj","d5c46603f52985768f421904374c26d511f313d70bf178a58798270014121c46","a9049babeb3b1ef8d86ac742e58a42317f82e25fea4e6e04a43dd14b7033a59f","The clean Product symbol covers 0x62 bytes against the original 0x72-byte extent and the current raw window retains 108/114 hard differences.","The missing original gate read and stack reservation have no observable semantic use; more than one hundred source variants could reproduce them only with prohibited ASM, dead work, or volatile shaping.","Reopen only with original source/PDB/object-boundary evidence or a newly demonstrated VC4 behavior that gives the gate read and stack slot authentic semantics; never reintroduce dead, volatile, or ASM shaping."
"Oregon32.exe","0x00002ed0","FUN_00402ed0_00002ed0","true","2026-07-18","0.01","10","docs/recovery/hunt/hunt_result_paint_dispatch_00002ed0_2026_06_03_notes.md","fa8d7141564452e6d1dcf44159cb078d010f0c6f574d9179df696a78caded8ee","src/otwin/app/application_message_pump_runtime.cpp","b4df22d3e019e4f8992fa71d4d3b476bb946672760f878ef36c15706f324cf1b","53","strict-linked","69","233","c81585430a7918f64e4f1af13177c4b533a42179b508c43bb2ab5bcced24c35f","3e19c6dfbd9dc8ebde995357cddee01f8503bbba577c67182a38bdb7ba9709e7","src_otwin_app_application_message_pump_runtime.obj","9ba98c249485aeb53fe32a4f4531a282c77863ac070587bd86b1f2e9905b1e08","c7734c7fc3bdd96cdaaf5dfb815c7f0c6e06fff5c67eda3bf1e72cf88ee328a0","The clean Product message pump retains 69/233 strict-linked differences; its readable behavior is complete but the loop-tail branch expansion and accelerator operand no longer align.","More than fifty clean dispatch, latch, lifetime, call-boundary, and optimization variants plateaued on the non-maskable loop-tail branch and register schedule.","Reopen only with original source/type/PDB evidence or controlled VC4 proof predicting a new loop-tail lowering; do not repeat the documented dispatch, latch, or lifetime variants."
"Oregon32.exe","0x00017190","OtResolveBrokenSupplyEvent_00017190","true","2026-07-18","0.02","10","docs/recovery/trail/resolve_broken_supply_event_2026_06_05_reccmp_notes.md","c714b76dba3a7d98b87460a254c457b8978a1d5dd88bf9b8d16f206851f2b52b","src/otwin/trail/resolve_broken_supply_event.cpp","30b02e17f05837f74e782f4af2bb7dffa960c97a4620848b8627b12cf8c838d0","25","strict-linked","255","307","c81585430a7918f64e4f1af13177c4b533a42179b508c43bb2ab5bcced24c35f","5a9c0d435763b933af2f3c817191dcaceab47866619426bc80b33a342f7e5422","src_otwin_trail_resolve_broken_supply_event.obj","3c174bd68ffe1f5e007864de06af1b41c342290584f8c884ac91ebfce45aac63","bcde1f4f51f76b6ef7f899e869d26c4402000cbffbfb270014fe8e1ddcf04d2c","The semantic Product body has 255/307 strict-linked differences; a natural member-ABI scratch shape reached the historical 93/307 floor, of which only 14 bytes were non-address register differences.","At least 25 natural declaration, formal-parameter, signedness, lifetime, and local-order variants plus official optimization modes could not produce the original coupled EBX/EBP allocator swap without regressing the surrounding schedule.","Reopen only with original source/PDB/type evidence or controlled VC4 allocator proof that naturally assigns the dialog pointer to EBX and repair probability to BP; do not repeat the documented declaration, formal, signedness, lifetime, local-order, or optimization variants."
"Oregon32.exe","0x000069c0","OtInitTrailTravelViewport_000069c0","true","2026-09-02","0.05","9","docs/recovery/trail/init_trail_travel_viewport_2026_09_02_notes.md","963b7c9a4b537186962d512fece990901e4d7e607053b81a6c480fa2316db0c0","src/otwin/trail/trail_game_dialog_constructor_dependencies.cpp","1765d08fe83347778b20dcc401c393d1f440a17bc53d53d38648333ac2154644","32","strict-linked","9","954","c81585430a7918f64e4f1af13177c4b533a42179b508c43bb2ab5bcced24c35f","c5318ebfef44fa6f009263d7ddf1c8fe796dc1f43084c8e51a9003d69a476356","src_otwin_trail_trail_game_dialog_constructor_dependencies.obj","3d96054555e4458f7eb144534aae61c21b3762193e85458f259dcf21f9943ec0","80beb4a8a7cfd7754008d0415d8d42ff6851fc2d775cb96c6852e7be0b45438b","The readable Product constructor has 126/1082 raw differences and 9/954 strict-linked hard differences after 32 complete operand masks; all remaining bytes are viewport-bound register allocation.","Thirty-two clean compiled variants produced two structural reductions from 19 to 14 to 9 hard bytes, but the independently exact bounds and route-tail register allocations could not be composed without reopening the other island.","Reopen only with original source/PDB/type evidence, an authentic viewport-bounds abstraction, or controlled VC4 allocator proof that retains the exact route tail while assigning the original right/bottom registers; do not repeat the documented local-order, scope, signedness, cast, register-hint, or expression-order variants."
