name,original_va,original_rva,size,candidate_va,candidate_rva,candidate_symbol,mask,notes
OtImportGetOpenFileNameA,0x00430550,0x00030550,0x6,,,_OtImportGetOpenFileNameA_RealCpp@4,2-5,"Real C++ stdcall import thunk for COMDLG32 GetOpenFileNameA; mask relocated import pointer."
OtImportGetSaveFileNameA,0x00430556,0x00030556,0x6,,,_OtImportGetSaveFileNameA_RealCpp@4,2-5,"Real C++ stdcall import thunk for COMDLG32 GetSaveFileNameA; mask relocated import pointer."
OtImportRtlUnwind,0x00436a38,0x00036a38,0x6,,,_OtImportRtlUnwind_RealCpp@16,2-5,"Real C++ stdcall import thunk for KERNEL32 RtlUnwind; mask relocated import pointer."
OtIsCloseConfirmationState,0x00403470,0x00003470,0xe,,,?OtIsCloseConfirmationState_RealCpp@MainWindowState_00403470@@QBEHXZ,,"Real C++ thiscall predicate for the main-window close-confirm state."
OtIsTrailOverlayActive,0x0042a3c0,0x0002a3c0,0x6,,,_OtIsTrailOverlayActive_RealCpp,1-4,"Real C++ global read; address relocation differs in candidate PE and is masked."
OtSetUnimplementedEventMessage,0x00416470,0x00016470,0xb,,,_OtSetUnimplementedEventMessage_RealCpp,2-9,"Real C++ global pointer store; mask destination/source relocated addresses."
OtGetTradeOfferPromptText,0x00427d50,0x00027d50,0x14,,,_OtGetTradeOfferPromptText_RealCpp,2-5 8-11 15-18,"Real C++ prompt selector; mask relocated global and string-buffer addresses."
OtInitPositionedBitmap,0x0040b720,0x0000b720,0x10,,,@OtInitPositionedBitmap_RealCpp@4,,"Real C++ fastcall initializer for four positioned-bitmap fields."
OtInitRawIndexedBitmap,0x0040b710,0x0000b710,0x10,,,@OtInitRawIndexedBitmap_RealCpp@4,,"Real C++ fastcall initializer for four raw-indexed-bitmap fields."
OtSeedRandomGenerator,0x00430fd0,0x00030fd0,0xa,,,_OtSeedRandomGenerator_RealCpp,5-8,"Real C++ store of CRT random-generator seed/state; mask relocated global address."
OtSetTrailEventPendingState,0x00416460,0x00016460,0xb,,,?OtSetTrailEventPendingState_RealCpp@MatchedTrailEventObject_00418c70@@UAEXH@Z,,"Real C++ trail-event pending flag setter; full int parameter is truncated by the 16-bit object field."
OtTriggerTrailEventById,0x00418c70,0x00018c70,0x13,,,_OtTriggerTrailEventById_RealCpp,10-13,"Real C++ vtable dispatch through the global trail-event table; mask relocated table address."
OtClearTrailEventById,0x00418c90,0x00018c90,0x13,,,_OtClearTrailEventById_RealCpp,10-13,"Real C++ vtable dispatch that clears a pending trail-event flag; mask relocated table address."
OtMarkTrailDialogActive,0x0042d460,0x0002d460,0x24,,,?OtMarkTrailDialogActive_RealCpp@TrailAnimationState_0042d460@@QAEXH@Z,21-24 29-32,"Real C++ trail-dialog active-state setter; mask relocated global and side-effect call displacement."
OtAllocateNewBlock,0x00430a40,0x00030a40,0x10,,,_OtAllocateNewBlock_RealCpp,8-11,"Real C++ CRT operator-new allocation wrapper; mask direct-call displacement."
OtCrtExit,0x00430eb0,0x00030eb0,0x12,,,_OtCrtExit_RealCpp,10-13,"Real C++ CRT normal-exit wrapper; mask direct-call displacement."
OtCrtQuickExit,0x00430ed0,0x00030ed0,0x12,,,_OtCrtQuickExit_RealCpp,10-13,"Real C++ CRT quick-exit wrapper; mask direct-call displacement."
OtCrtIsMbbLead,0x004337c0,0x000337c0,0x12,,,_OtCrtIsMbbLead_RealCpp,10-13,"Real C++ CRT multibyte lead-byte predicate wrapper; mask direct-call displacement."
