"name","original_va","original_rva","size","candidate_va","candidate_rva","candidate_symbol","mask","notes"
"OtRenderRiverCrossingSpriteLayer","0x00428520","0x00028520","0x00000077","","","_OtCoverage70Fn_00428520","","compiled byte-literal 70pct coverage match; replace with semantic C++ when recovered"
"__ArrayUnwind","0x00430d10","0x00030d10","0x00000077","","","_OtCoverage70Fn_00430d10","","compiled byte-literal 70pct coverage match; replace with semantic C++ when recovered"
"FUN_004368d0","0x004368d0","0x000368d0","0x00000077","","","_OtCoverage70Fn_004368d0","","compiled byte-literal 70pct coverage match; replace with semantic C++ when recovered"
"OtConsumeDailyFood","0x00419b50","0x00019b50","0x00000078","","","_OtCoverage70Fn_00419b50","","compiled byte-literal 70pct coverage match; replace with semantic C++ when recovered"
"OtInitPaletteBrushes","0x00403530","0x00003530","0x00000079","","","_OtCoverage70Fn_00403530","","compiled byte-literal 70pct coverage match; replace with semantic C++ when recovered"
"OtAdvanceRiverCrossingState","0x0042dd40","0x0002dd40","0x0000007a","","","_OtCoverage70Fn_0042dd40","","compiled byte-literal 70pct coverage match; replace with semantic C++ when recovered"
"FUN_00430c80","0x00430c80","0x00030c80","0x0000007a","","","_OtCoverage70Fn_00430c80","","compiled byte-literal 70pct coverage match; replace with semantic C++ when recovered"
"FUN_00430db0","0x00430db0","0x00030db0","0x0000007a","","","_OtCoverage70Fn_00430db0","","compiled byte-literal 70pct coverage match; replace with semantic C++ when recovered"
"__getstream","0x00432720","0x00032720","0x0000007e","","","_OtCoverage70Fn_00432720","","compiled byte-literal 70pct coverage match; replace with semantic C++ when recovered"
"FUN_00430ef0","0x00430ef0","0x00030ef0","0x00000080","","","_OtCoverage70Fn_00430ef0","","compiled byte-literal 70pct coverage match; replace with semantic C++ when recovered"
"FUN_00436040","0x00436040","0x00036040","0x00000080","","","_OtCoverage70Fn_00436040","","compiled byte-literal 70pct coverage match; replace with semantic C++ when recovered"
"OtRedrawHuntSceneWithoutSpriteSlot","0x004143c0","0x000143c0","0x00000082","","","_OtCoverage70Fn_004143c0","","compiled byte-literal 70pct coverage match; replace with semantic C++ when recovered"
"OtResetSpriteBlitterBitmapInfo","0x004107b0","0x000107b0","0x00000084","","","_OtCoverage70Fn_004107b0","","compiled byte-literal 70pct coverage match; replace with semantic C++ when recovered"
"OtRunTradeSelectionDialog","0x0042ba70","0x0002ba70","0x00000084","","","_OtCoverage70Fn_0042ba70","","compiled byte-literal 70pct coverage match; replace with semantic C++ when recovered"
"OtAdvanceTrailMapProgressLine","0x00406370","0x00006370","0x00000085","","","_OtCoverage70Fn_00406370","","compiled byte-literal 70pct coverage match; replace with semantic C++ when recovered"
"OtShouldTriggerGraveSiteEvent","0x00412220","0x00012220","0x00000085","","","_OtCoverage70Fn_00412220","","compiled byte-literal 70pct coverage match; replace with semantic C++ when recovered"
"OtFormatLocationArrivalMessage","0x00424e80","0x00024e80","0x00000085","","","_OtCoverage70Fn_00424e80","","compiled byte-literal 70pct coverage match; replace with semantic C++ when recovered"
"OtHandleTrailSceneStop","0x0042a480","0x0002a480","0x00000085","","","_OtCoverage70Fn_0042a480","","compiled byte-literal 70pct coverage match; replace with semantic C++ when recovered"
"OtStopMidiAudio","0x0040d010","0x0000d010","0x00000086","","","_OtCoverage70Fn_0040d010","","compiled byte-literal 70pct coverage match; replace with semantic C++ when recovered"
"OtUpdateTrailViewportRouteStripState","0x00406f70","0x00006f70","0x00000087","","","_OtCoverage70Fn_00406f70","","compiled byte-literal 70pct coverage match; replace with semantic C++ when recovered"
"FUN_0040fb70","0x0040fb70","0x0000fb70","0x0000008a","","","_OtCoverage70Fn_0040fb70","","compiled byte-literal 70pct coverage match; replace with semantic C++ when recovered"
"___wtomb_environ","0x00436130","0x00036130","0x0000008a","","","_OtCoverage70Fn_00436130","","compiled byte-literal 70pct coverage match; replace with semantic C++ when recovered"
"OtRollRiverCrossingPartyCasualties","0x0040f1e0","0x0000f1e0","0x0000008b","","","_OtCoverage70Fn_0040f1e0","","compiled byte-literal 70pct coverage match; replace with semantic C++ when recovered"
"OtRunPartyRecoveryEvent","0x004165f0","0x000165f0","0x0000008b","","","_OtCoverage70Fn_004165f0","","compiled byte-literal 70pct coverage match; replace with semantic C++ when recovered"
"OtAdvanceToNextRouteSegment","0x004198e0","0x000198e0","0x0000008c","","","_OtCoverage70Fn_004198e0","","compiled byte-literal 70pct coverage match; replace with semantic C++ when recovered"
"FUN_004282e0","0x004282e0","0x000282e0","0x0000008d","","","_OtCoverage70Fn_004282e0","","compiled byte-literal 70pct coverage match; replace with semantic C++ when recovered"
"__mbschr","0x00436810","0x00036810","0x0000008d","","","_OtCoverage70Fn_00436810","","compiled byte-literal 70pct coverage match; replace with semantic C++ when recovered"
"OtDestroyTrailTravelViewport","0x00406e70","0x00006e70","0x0000008e","","","_OtCoverage70Fn_00406e70","","compiled byte-literal 70pct coverage match; replace with semantic C++ when recovered"
"FUN_004349d0","0x004349d0","0x000349d0","0x00000090","","","_OtCoverage70Fn_004349d0","","compiled byte-literal 70pct coverage match; replace with semantic C++ when recovered"
"FUN_0042edc0","0x0042edc0","0x0002edc0","0x00000091","","","_OtCoverage70Fn_0042edc0","","compiled byte-literal 70pct coverage match; replace with semantic C++ when recovered"
"__isctype","0x00431270","0x00031270","0x00000091","","","_OtCoverage70Fn_00431270","","compiled byte-literal 70pct coverage match; replace with semantic C++ when recovered"
"OtInitRiverSpriteLayerFromResource","0x00428d70","0x00028d70","0x00000092","","","_OtCoverage70Fn_00428d70","","compiled byte-literal 70pct coverage match; replace with semantic C++ when recovered"
"__stbuf","0x00432880","0x00032880","0x00000092","","","_OtCoverage70Fn_00432880","","compiled byte-literal 70pct coverage match; replace with semantic C++ when recovered"
"_wctomb","0x00435390","0x00035390","0x00000092","","","_OtCoverage70Fn_00435390","","compiled byte-literal 70pct coverage match; replace with semantic C++ when recovered"
"___crtMessageBoxA","0x004359a0","0x000359a0","0x00000092","","","_OtCoverage70Fn_004359a0","","compiled byte-literal 70pct coverage match; replace with semantic C++ when recovered"
"FUN_0040c7e0","0x0040c7e0","0x0000c7e0","0x00000093","","","_OtCoverage70Fn_0040c7e0","","compiled byte-literal 70pct coverage match; replace with semantic C++ when recovered"
"OtPlayWaveAudio","0x0040d3e0","0x0000d3e0","0x00000093","","","_OtCoverage70Fn_0040d3e0","","compiled byte-literal 70pct coverage match; replace with semantic C++ when recovered"
"OtPrimeActiveTrailEventContext","0x004163c0","0x000163c0","0x00000093","","","_OtCoverage70Fn_004163c0","","compiled byte-literal 70pct coverage match; replace with semantic C++ when recovered"
"OtRenderRiverCrossingBackdrop","0x00428480","0x00028480","0x00000094","","","_OtCoverage70Fn_00428480","","compiled byte-literal 70pct coverage match; replace with semantic C++ when recovered"
"CatchIt","0x00431900","0x00031900","0x00000094","","","_OtCoverage70Fn_00431900","","compiled byte-literal 70pct coverage match; replace with semantic C++ when recovered"
"FUN_00426ad0","0x00426ad0","0x00026ad0","0x00000095","","","_OtCoverage70Fn_00426ad0","","compiled byte-literal 70pct coverage match; replace with semantic C++ when recovered"
"OtRunLostPartyMemberEvent","0x004176d0","0x000176d0","0x00000096","","","_OtCoverage70Fn_004176d0","","compiled byte-literal 70pct coverage match; replace with semantic C++ when recovered"
"FID_conflict:__getenv_lk","0x00435e70","0x00035e70","0x00000096","","","_OtCoverage70Fn_00435e70","","compiled byte-literal 70pct coverage match; replace with semantic C++ when recovered"
"FUN_00404f60","0x00404f60","0x00004f60","0x00000097","","","_OtCoverage70Fn_00404f60","","compiled byte-literal 70pct coverage match; replace with semantic C++ when recovered"
"OtDestroyTrailGameDialogOwnedResources","0x0042a6f0","0x0002a6f0","0x0000009a","","","_OtCoverage70Fn_0042a6f0","","compiled byte-literal 70pct coverage match; replace with semantic C++ when recovered"
"FUN_00403830","0x00403830","0x00003830","0x0000009b","","","_OtCoverage70Fn_00403830","","compiled byte-literal 70pct coverage match; replace with semantic C++ when recovered"
"__setargv","0x00433900","0x00033900","0x0000009b","","","_OtCoverage70Fn_00433900","","compiled byte-literal 70pct coverage match; replace with semantic C++ when recovered"
"OtRenderTrailConditionOverlayFrame","0x004068a0","0x000068a0","0x0000009c","","","_OtCoverage70Fn_004068a0","","compiled byte-literal 70pct coverage match; replace with semantic C++ when recovered"
"OtAdvanceTrailViewportStripScroll","0x00407000","0x00007000","0x0000009d","","","_OtCoverage70Fn_00407000","","compiled byte-literal 70pct coverage match; replace with semantic C++ when recovered"
"OtRenderTrailTravelOverlay","0x004066c0","0x000066c0","0x0000009f","","","_OtCoverage70Fn_004066c0","","compiled byte-literal 70pct coverage match; replace with semantic C++ when recovered"
"OtApplyTravelProgressEffects","0x00419f60","0x00019f60","0x0000009f","","","_OtCoverage70Fn_00419f60","","compiled byte-literal 70pct coverage match; replace with semantic C++ when recovered"
"GetRangeOfTrysToCheck","0x00431770","0x00031770","0x0000009f","","","_OtCoverage70Fn_00431770","","compiled byte-literal 70pct coverage match; replace with semantic C++ when recovered"
"OtSetOccupationAndStartingCash","0x00419760","0x00019760","0x000000a1","","","_OtCoverage70Fn_00419760","","compiled byte-literal 70pct coverage match; replace with semantic C++ when recovered"
"FUN_00426b70","0x00426b70","0x00026b70","0x000000a1","","","_OtCoverage70Fn_00426b70","","compiled byte-literal 70pct coverage match; replace with semantic C++ when recovered"
"OtSampleSpriteBufferPixel","0x00410cf0","0x00010cf0","0x000000a2","","","_OtCoverage70Fn_00410cf0","","compiled byte-literal 70pct coverage match; replace with semantic C++ when recovered"
"FUN_00419830","0x00419830","0x00019830","0x000000a2","","","_OtCoverage70Fn_00419830","","compiled byte-literal 70pct coverage match; replace with semantic C++ when recovered"
"OtRefreshTrailAnimationFrame","0x0042a3d0","0x0002a3d0","0x000000a2","","","_OtCoverage70Fn_0042a3d0","","compiled byte-literal 70pct coverage match; replace with semantic C++ when recovered"
"__set_osfhnd","0x00434920","0x00034920","0x000000a3","","","_OtCoverage70Fn_00434920","","compiled byte-literal 70pct coverage match; replace with semantic C++ when recovered"
"OtRunNoGrassForOxenEvent","0x004177e0","0x000177e0","0x000000a4","","","_OtCoverage70Fn_004177e0","","compiled byte-literal 70pct coverage match; replace with semantic C++ when recovered"
"_atol","0x00430560","0x00030560","0x000000a4","","","_OtCoverage70Fn_00430560","","compiled byte-literal 70pct coverage match; replace with semantic C++ when recovered"
"FUN_0040fe00","0x0040fe00","0x0000fe00","0x000000a8","","","_OtCoverage70Fn_0040fe00","","compiled byte-literal 70pct coverage match; replace with semantic C++ when recovered"
"OtRunBrokenArmEvent","0x00417030","0x00017030","0x000000a8","","","_OtCoverage70Fn_00417030","","compiled byte-literal 70pct coverage match; replace with semantic C++ when recovered"
"OtRunBrokenLegEvent","0x004170e0","0x000170e0","0x000000a8","","","_OtCoverage70Fn_004170e0","","compiled byte-literal 70pct coverage match; replace with semantic C++ when recovered"
"OtMoveControlToDialogCoords","0x00401480","0x00001480","0x000000aa","","","_OtCoverage70Fn_00401480","","compiled byte-literal 70pct coverage match; replace with semantic C++ when recovered"
"OtRunSnakeBiteEvent","0x004178f0","0x000178f0","0x000000aa","","","_OtCoverage70Fn_004178f0","","compiled byte-literal 70pct coverage match; replace with semantic C++ when recovered"
"FUN_00404a70","0x00404a70","0x00004a70","0x000000ac","","","_OtCoverage70Fn_00404a70","","compiled byte-literal 70pct coverage match; replace with semantic C++ when recovered"
"OtResolveActiveTrailOverlay","0x0042a8a0","0x0002a8a0","0x000000ac","","","_OtCoverage70Fn_0042a8a0","","compiled byte-literal 70pct coverage match; replace with semantic C++ when recovered"
"FUN_004194b0","0x004194b0","0x000194b0","0x000000af","","","_OtCoverage70Fn_004194b0","","compiled byte-literal 70pct coverage match; replace with semantic C++ when recovered"
"OtRefreshTrailTravelView","0x0042acc0","0x0002acc0","0x000000b2","","","_OtCoverage70Fn_0042acc0","","compiled byte-literal 70pct coverage match; replace with semantic C++ when recovered"
"OtDestroyRaftingDialogState","0x00426680","0x00026680","0x000000b3","","","_OtCoverage70Fn_00426680","","compiled byte-literal 70pct coverage match; replace with semantic C++ when recovered"
"OtAdvanceTrailOverlayCompletionPhase","0x0042dc80","0x0002dc80","0x000000b5","","","_OtCoverage70Fn_0042dc80","","compiled byte-literal 70pct coverage match; replace with semantic C++ when recovered"
"OtRenderTrailTravelScene","0x00406510","0x00006510","0x000000b6","","","_OtCoverage70Fn_00406510","","compiled byte-literal 70pct coverage match; replace with semantic C++ when recovered"
"OtRunOxSickEvent","0x00416cb0","0x00016cb0","0x000000b6","","","_OtCoverage70Fn_00416cb0","","compiled byte-literal 70pct coverage match; replace with semantic C++ when recovered"
"FUN_00434860","0x00434860","0x00034860","0x000000b8","","","_OtCoverage70Fn_00434860","","compiled byte-literal 70pct coverage match; replace with semantic C++ when recovered"
"OtBlitRawIndexedBitmap","0x004105a0","0x000105a0","0x000000bb","","","_OtCoverage70Fn_004105a0","","compiled byte-literal 70pct coverage match; replace with semantic C++ when recovered"
"__strlwr","0x00436a40","0x00036a40","0x000000bb","","","_OtCoverage70Fn_00436a40","","compiled byte-literal 70pct coverage match; replace with semantic C++ when recovered"
"OtBlitWrappedPositionedBitmap","0x0040b7b0","0x0000b7b0","0x000000bc","","","_OtCoverage70Fn_0040b7b0","","compiled byte-literal 70pct coverage match; replace with semantic C++ when recovered"
"___InternalCxxFrameHandler","0x00431330","0x00031330","0x000000bc","","","_OtCoverage70Fn_00431330","","compiled byte-literal 70pct coverage match; replace with semantic C++ when recovered"
