"source_path","extra_compile_flags","reason"
"src/otwin/_recovery/app/mfc_seh_unwind_recovery.cpp","/GX","VC4 exception-unwind recovery probe"
"src/otwin/_recovery/graphics/positioned_bitmap_eh_recovery.cpp","/GX","VC4 exception-unwind recovery probe"
"src/otwin/_recovery/hunt/destroy_hunt_dialog_state_20260602_wip.cpp","/GX","VC4 exception-enabled state teardown probe"
"src/otwin/_recovery/hunt/setup_init_hunt_dialog_20260605_wip.cpp","/GX","VC4 exception-enabled dialog setup probe"
"src/otwin/_recovery/river/resolve_ferry_crossing_outcome_wip.cpp","/GX","VC4 exception-enabled crossing outcome probe"
"src/otwin/_recovery/river/resolve_ford_float_crossing_outcome_wip.cpp","/GX","VC4 exception-enabled crossing outcome probe"
"src/otwin/_recovery/root/main_window_owned_resource_eh_probe.cpp","/GX","VC4 exception-unwind owned-resource probe"
"src/otwin/_recovery/root/scaffold_drain_to_50_wip.cpp","/Oy-","Preserve the historical frame-pointer source shape"
"src/otwin/_recovery/trail/init_landmark_display_20260603b_wip.cpp","/GX","VC4 exception-enabled landmark setup probe"
"src/otwin/_recovery/zzzz/mfc_seh_unwind_recovery.cpp","/GX","VC4 exception-unwind recovery probe"
"src/otwin/app/application_runtime_lifecycle.cpp","/GX","Authentic application lifecycle exception cleanup"
"src/otwin/app/application_menu_dialog_callbacks.cpp","/GX","Authentic menu-dialog object ownership and exception cleanup"
"src/otwin/app/title_dialog_callback.cpp","/GX","Authentic Title dialog callback exception frame and ownership cleanup"
"src/otwin/app/welcome_dialog_callback.cpp","/GX","Authentic Welcome dialog callback exception frame and ownership cleanup"
"src/otwin/app/who_am_i_dialog_callback.cpp","/GX","Authentic Who Am I dialog callback exception frame and ownership cleanup"
"src/otwin/app/init_title_dialog.cpp","/GX","Authentic dialog initialization exception cleanup"
"src/otwin/app/init_welcome_dialog.cpp","/GX","Authentic dialog initialization exception cleanup"
"src/otwin/app/init_who_am_i_dialog.cpp","/GX","Authentic dialog initialization exception cleanup"
"src/otwin/app/load_saved_game_runtime.cpp","/GX","Authentic saved-game replacement constructor cleanup"
"src/otwin/app/runtime_dialog_dispatch.cpp","/GX","Authentic dialog dispatch exception cleanup"
"src/otwin/app/string_resource_group_load_20260603.cpp","/GX","Authentic resource-group exception cleanup"
"src/otwin/app/window_object_attach_dispatch_20260603.cpp","/GX","Authentic window attachment exception cleanup"
"src/otwin/graphics/construct_dialog_bitmap_owner_states.cpp","/GX","Authentic positioned-bitmap owner cleanup funclets"
"src/otwin/hunt/create_init_hunt_dialog_state.cpp","/GX","Authentic Hunt-state constructor cleanup funclets"
"src/otwin/hunt/destroy_hunt_dialog_state.cpp","/GX","Authentic Hunt-state teardown exception cleanup"
"src/otwin/hunt/hunt_results_dialog_callback.cpp","/GX","Authentic Hunt Results callback exception frame and ownership cleanup"
"src/otwin/hunt/init_hunt_dialog_callback.cpp","/GX","Authentic Init Hunt callback exception frame and ownership cleanup"
"src/otwin/hunt/setup_init_hunt_dialog.cpp","/GX","Authentic Hunt dialog setup exception cleanup"
"src/otwin/river/commit_accepted_trade_offer.cpp","/GX","Authentic trade commit exception cleanup"
"src/otwin/river/construct_river_crossing_choice_dialog_state.cpp","/GX","Authentic river-choice constructor cleanup funclets"
"src/otwin/river/ferry_crossing_outcome.cpp","/GX","Authentic crossing outcome exception cleanup"
"src/otwin/river/ford_float_crossing_outcomes.cpp","/GX","Authentic crossing outcome exception cleanup"
"src/otwin/river/river_choice_loss_summary_20260605.cpp","/GX","Authentic river-loss exception cleanup"
"src/otwin/river/river_crossing_choice_dialog_runtime.cpp","/GX","Authentic River Crossing Choice dialog ownership and exception cleanup"
"src/otwin/river/river_crossing_help_dialog_runtime.cpp","/GX","Authentic River Crossing Help dialog ownership and exception cleanup"
"src/otwin/river/river_crossing_state_runtime.cpp","/GX","Authentic river-state constructor cleanup funclets"
"src/otwin/river/trade_offer_list_cursor_20260605.cpp","/GX","Authentic trade-list exception cleanup"
"src/otwin/trade/construct_store_dialog_states.cpp","/GX","Authentic Trade Offer dialog constructor cleanup funclets"
"src/otwin/trade/general_store_dialog_runtime.cpp","/GX","Authentic General Store dialog ownership and exception cleanup"
"src/otwin/trade/init_general_store_dialog.cpp","/GX","Authentic General Store initialization exception cleanup"
"src/otwin/trade/store_extension_dialog_runtime.cpp","/GX","Authentic Store Extension dialog ownership and exception cleanup"
"src/otwin/trade/trade_offer_dialog_runtime.cpp","/GX","Authentic Trade Offer dialog ownership and exception cleanup"
"src/otwin/trail/abandoned_wagon_event.cpp","/GX","Authentic event exception cleanup"
"src/otwin/trail/construct_change_pace_dialog_state.cpp","/GX","Authentic dialog-state constructor cleanup funclets"
"src/otwin/trail/construct_change_rations_dialog_state.cpp","/GX","Authentic dialog-state constructor cleanup funclets"
"src/otwin/trail/construct_death_dialog_state.cpp","/GX","Authentic dialog-state constructor cleanup funclets"
"src/otwin/trail/construct_guide_book_dialog_state.cpp","/GX","Authentic dialog-state constructor cleanup funclets"
"src/otwin/trail/construct_rest_dialog_state.cpp","/GX","Authentic dialog-state constructor cleanup funclets"
"src/otwin/trail/construct_start_date_dialog_state.cpp","/GX","Authentic dialog-state constructor cleanup funclets"
"src/otwin/trail/construct_talk_dialog_state.cpp","/GX","Authentic dialog-state constructor cleanup funclets"
"src/otwin/trail/construct_trail_game_dialog_state.cpp","/GX","Authentic dialog-state constructor cleanup funclets"
"src/otwin/trail/death_dialog_callback.cpp","/GX","Authentic Death dialog callback exception frame and ownership cleanup"
"src/otwin/trail/epitaph_dialog_callback.cpp","/GX","Authentic Epitaph callback exception frame and inline four-bitmap ownership cleanup"
"src/otwin/trail/destroy_trail_travel_viewport.cpp","/GX","Authentic viewport teardown exception cleanup"
"src/otwin/trail/guide_book_dialog_runtime.cpp","/GX","Authentic Guide Book dialog ownership and exception cleanup"
"src/otwin/trail/init_landmark_display_20260603.cpp","/GX","Authentic landmark setup exception cleanup"
"src/otwin/trail/init_trail_event_dialog.cpp","/GX","Authentic dialog initialization exception cleanup"
"src/otwin/trail/init_trail_game_dialog.cpp","/GX","Authentic dialog initialization exception cleanup"
"src/otwin/trail/init_willamette_valley_summary_dialog.cpp","/GX","Authentic Willamette summary initialization exception cleanup"
"src/otwin/trail/river_crossing_decision_runtime.cpp","/GX","Authentic crossing-decision exception cleanup"
"src/otwin/trail/run_theft_event_20260605.cpp","/GX","Authentic event exception cleanup"
"src/otwin/trail/start_date_dialog_callback.cpp","/GX","Authentic Start Date callback exception frame and ownership cleanup"
"src/otwin/trail/talk_dialog_runtime.cpp","/GX","Authentic Talk dialog callback exception cleanup"
"src/otwin/trail/trade_selection_dialog_proc_runtime.cpp","/GX","Authentic Trade Selection callback and initializer ownership cleanup"
"src/otwin/trail/trail_game_dialog_constructor_dependencies.cpp","/GX","Authentic viewport member construction and reverse exception cleanup"
"src/otwin/trail/trail_divide_dialog_runtime.cpp","/GX","Authentic dialog exception cleanup"
"src/otwin/trail/trail_game_dialog_callback.cpp","/GX","Authentic Trail Game callback exception frame and ownership cleanup"
"src/otwin/trail/trail_event_roll_table_cursor_20260605.cpp","/GX","Authentic event-table exception cleanup"
"src/otwin/trail/wagon_fire_event_20260604.cpp","/GX","Authentic event exception cleanup"
"src/otwin/trail/welcome_loss_event_setup_20260605.cpp","/GX","Authentic event exception cleanup"
"src/otwin/trail/willamette_valley_arrival_dialog_callback.cpp","/GX","Authentic Willamette arrival callback exception frame and ownership cleanup"
"src/otwin/trail/willamette_valley_summary_dialog_runtime.cpp","/GX","Authentic Willamette summary dialog ownership and exception cleanup"
