offset,kind,original_target,candidate_identity
12,owner-eh,0x41f8ce,native bitmap owner unwind metadata
35,import,0x43d59c,USER32.dll!GetDialogBaseUnits
64,import,0x43d5ac,USER32.dll!GetParent
70,call,0x401370,_OtScaleWindowToDialogCoords_00401370_Product
84,import,0x43d5e0,USER32.dll!GetWindowRect
96,string,0x439f78,_drop_placement_section
101,call,0x401110,_OtLoadSavedDialogPlacement_00401110_RealCpp
126,import,0x43d5ac,USER32.dll!GetParent
133,import,0x43d5a8,USER32.dll!GetClientRect
202,import,0x43d5ac,USER32.dll!GetParent
209,import,0x43d5f8,USER32.dll!ClientToScreen
307,import,0x43d5d4,USER32.dll!SetWindowPos
320,call,0x401290,_OtScaleDialogChildFromDialogUnits_00401290_DirectImport
347,call,0x401290,_OtScaleDialogChildFromDialogUnits_00401290_DirectImport
372,call,0x401290,_OtScaleDialogChildFromDialogUnits_00401290_DirectImport
399,global,0x4390a8,_g_applicationModule_00405a40_20260603
409,string,0x439f54,_drop_open_weight
416,import,0x43d688,USER32.dll!LoadStringA
497,call,0x435fa0,__itoa
505,string,0x439f8c,_drop_close_weight
577,import,0x43d5e4,USER32.dll!GetDlgItem
584,import,0x43d5ec,USER32.dll!SetWindowTextA
608,global,0x439d58,_g_journeyState
621,call,0x435fa0,__itoa
649,import,0x43d5e4,USER32.dll!GetDlgItem
656,import,0x43d5ec,USER32.dll!SetWindowTextA
680,global,0x4390a8,_g_applicationModule_00405a40_20260603
691,string,0x439f54,_drop_open_weight
697,import,0x43d688,USER32.dll!LoadStringA
768,string,0x439f8c,_drop_close_weight
783,call,0x435fa0,__itoa
858,import,0x43d5e4,USER32.dll!GetDlgItem
865,import,0x43d5ec,USER32.dll!SetWindowTextA
889,global,0x439d58,_g_journeyState
913,call,0x435fa0,__itoa
941,import,0x43d5e4,USER32.dll!GetDlgItem
948,import,0x43d5ec,USER32.dll!SetWindowTextA
972,global,0x4390a8,_g_applicationModule_00405a40_20260603
982,string,0x439f54,_drop_open_weight
989,import,0x43d688,USER32.dll!LoadStringA
1060,string,0x439f8c,_drop_close_weight
1075,call,0x435fa0,__itoa
1150,import,0x43d5e4,USER32.dll!GetDlgItem
1157,import,0x43d5ec,USER32.dll!SetWindowTextA
1181,global,0x439d58,_g_journeyState
1194,call,0x435fa0,__itoa
1222,import,0x43d5e4,USER32.dll!GetDlgItem
1229,import,0x43d5ec,USER32.dll!SetWindowTextA
1253,global,0x4390a8,_g_applicationModule_00405a40_20260603
1263,string,0x439f54,_drop_open_weight
1270,import,0x43d688,USER32.dll!LoadStringA
1341,string,0x439f8c,_drop_close_weight
1356,call,0x435fa0,__itoa
1431,import,0x43d5e4,USER32.dll!GetDlgItem
1438,import,0x43d5ec,USER32.dll!SetWindowTextA
1462,global,0x439d58,_g_journeyState
1475,call,0x435fa0,__itoa
1503,import,0x43d5e4,USER32.dll!GetDlgItem
1510,import,0x43d5ec,USER32.dll!SetWindowTextA
1534,global,0x4390a8,_g_applicationModule_00405a40_20260603
1544,string,0x439f54,_drop_open_weight
1551,import,0x43d688,USER32.dll!LoadStringA
1622,string,0x439f8c,_drop_close_weight
1637,call,0x435fa0,__itoa
1712,import,0x43d5e4,USER32.dll!GetDlgItem
1719,import,0x43d5ec,USER32.dll!SetWindowTextA
1743,global,0x439d58,_g_journeyState
1756,call,0x435fa0,__itoa
1770,string,0x439f84,_drop_food_label
1783,import,0x43d5e4,USER32.dll!GetDlgItem
1790,import,0x43d5ec,USER32.dll!SetWindowTextA
1850,import,0x43d5e4,USER32.dll!GetDlgItem
1857,import,0x43d5ec,USER32.dll!SetWindowTextA
1881,global,0x439d58,_g_journeyState
1904,call,0x435fa0,__itoa
1926,import,0x43d5e4,USER32.dll!GetDlgItem
1933,import,0x43d5ec,USER32.dll!SetWindowTextA
1954,import,0x43d5e4,USER32.dll!GetDlgItem
1961,import,0x43d5f0,USER32.dll!PostMessageA
1971,allocator-call,0x430a40,??2@YAPAXI@Z
1997,bitmap-call,0x40b720,??0PositionedBitmapDescriptorState_0040ba40@@QAE@XZ
2009,bitmap-call,0x40b720,??0PositionedBitmapDescriptorState_0040ba40@@QAE@XZ
2023,bitmap-call,0x40b720,??0PositionedBitmapDescriptorState_0040ba40@@QAE@XZ
2035,bitmap-call,0x40b720,??0PositionedBitmapDescriptorState_0040ba40@@QAE@XZ
2052,bitmap-jump,0x40b760,??1PositionedBitmapDescriptorState_0040ba40@@QAE@XZ
2063,bitmap-jump,0x40b760,??1PositionedBitmapDescriptorState_0040ba40@@QAE@XZ
2074,bitmap-jump,0x40b760,??1PositionedBitmapDescriptorState_0040ba40@@QAE@XZ
2082,bitmap-jump,0x40b760,??1PositionedBitmapDescriptorState_0040ba40@@QAE@XZ
2102,string,0x439ee0,_drop_allocation_caption
2107,string,0x439158,_drop_allocation_text
2114,import,0x43d5ac,USER32.dll!GetParent
2121,import,0x43d5b0,USER32.dll!MessageBoxA
2129,import,0x43d5b4,USER32.dll!PostQuitMessage
2155,global,0x4390a8,_g_applicationModule_00405a40_20260603
2163,call,0x40ba40,?OtLoadPositionedBitmapDescriptor_0040ba40_RealCpp@PositionedBitmapDescriptorState_0040ba40@@QAEHPAXF@Z
2173,global,0x4390a8,_g_applicationModule_00405a40_20260603
2182,call,0x40ba40,?OtLoadPositionedBitmapDescriptor_0040ba40_RealCpp@PositionedBitmapDescriptorState_0040ba40@@QAEHPAXF@Z
2192,global,0x4390a8,_g_applicationModule_00405a40_20260603
2201,call,0x40ba40,?OtLoadPositionedBitmapDescriptor_0040ba40_RealCpp@PositionedBitmapDescriptorState_0040ba40@@QAEHPAXF@Z
2211,global,0x4390a8,_g_applicationModule_00405a40_20260603
2220,call,0x40ba40,?OtLoadPositionedBitmapDescriptor_0040ba40_RealCpp@PositionedBitmapDescriptorState_0040ba40@@QAEHPAXF@Z
2239,import,0x43d5b8,USER32.dll!SetWindowLongA
2260,call,0x401ed0,_OtResizeControl_RealCpp
2284,call,0x401ed0,_OtResizeControl_RealCpp
2299,import,0x43d5e4,USER32.dll!GetDlgItem
2306,import,0x43d5a0,USER32.dll!SetFocus
2325,import,0x43d5a4,USER32.dll!SendMessageA
